{"coefficients": [-0.00022939060099092377, -0.092023521899023, -0.10083344200949419, -0.0007686420091523613, -3.7430650104498506e-05, 0.023503440816719578, 0.010110698249991515, -0.007310574578543519, 0.022138526814765153], "intercept": -1.014133841830455, "scaler_mean": [471.649145379238, 23.82079905167082, 9.287279550949266, 84.55058661468972, 746.5353407238039, 47.70879406638304, 3.695585396480312, 20.84909430815076, 17.432030473977175], "scaler_scale": [1063.4755500482884, 79.6701030342529, 34.63416459230431, 242.24101152001487, 3683.120834590571, 95.22644652202685, 6.016274174592719, 64.25951664890387, 48.673802992409044]}